IP地址,端口,TLS,数据中心,地区,城市,网络延迟,下载速度
217.20.241.36,17826,TRUE,LAX,North America,Los Angeles,197 ms,18955 kB/s
103.94.185.165,23429,TRUE,LAX,North America,Los Angeles,197 ms,18955 kB/s
40.233.70.7,8443,TRUE,LAX,North America,Los Angeles,197 ms,18955 kB/s
152.70.112.158,443,TRUE,LAX,North America,Los Angeles,197 ms,18955 kB/s
132.226.31.178,443,TRUE,LAX,North America,Los Angeles,197 ms,18955 kB/s
129.146.134.77,443,TRUE,LAX,North America,Los Angeles,197 ms,18955 kB/s
129.146.168.102,443,TRUE,LAX,North America,Los Angeles,197 ms,18955 kB/s
146.235.211.70,2082,TRUE,LAX,North America,Los Angeles,197 ms,18955 kB/s
3.101.110.90,80,TRUE,LAX,North America,Los Angeles,197 ms,18955 kB/s
35.167.93.200,443,TRUE,LAX,North America,Los Angeles,197 ms,18955 kB/s
3.98.54.22,8443,TRUE,LAX,North America,Los Angeles,197 ms,18955 kB/s
15.156.203.151,8443,TRUE,LAX,North America,Los Angeles,197 ms,18955 kB/s
103.99.179.39,443,TRUE,LAX,North America,Los Angeles,197 ms,18955 kB/s
164.152.26.70,2052,TRUE,LAX,North America,Los Angeles,197 ms,18955 kB/s
150.230.34.116,443,TRUE,LAX,North America,Los Angeles,197 ms,18955 kB/s
103.99.178.62,51794,TRUE,LAX,North America,Los Angeles,197 ms,18955 kB/s
129.159.47.255,443,TRUE,LAX,North America,Los Angeles,197 ms,18955 kB/s
